id,camera_location,time,object_location
0,0.0,0,0.29269679647876745
1,0.5,1,0.3238179896990044
2,2.0,4,2.433088155170531
3,2.0,4,2.4301908114343433
4,2.5,5,2.3917979958429507
5,2.5,5,2.494959565085269
6,3.0,6,2.5132923435818975
7,3.0,6,2.5376219743605852
8,7.0,14,7.162219278763416
9,7.5,15,7.11949339406219
10,7.5,15,7.801734954776706
11,8.0,16,7.80114205127046
